fullName,raw,decoded,numeric_id,category_name,group,sport
Patrick Mahomes,Z2lkOi8vaHMzL0NhdGVnb3J5Lzc0,gid://hs3/Category/74,74,Rushing yards,offense,Football
Patrick Mahomes,Z2lkOi8vaHMzL0NhdGVnb3J5Lzc1,gid://hs3/Category/75,75,Rushing tds,offense,Football
Patrick Mahomes,Z2lkOi8vaHMzL0NhdGVnb3J5Lzc2,gid://hs3/Category/76,76,Interceptions thrown,offense,Football
Patrick Mahomes,Z2lkOi8vaHMzL0NhdGVnb3J5Lzc3,gid://hs3/Category/77,77,Passing attempts,offense,Football
Patrick Mahomes,Z2lkOi8vaHMzL0NhdGVnb3J5Lzc4,gid://hs3/Category/78,78,Rushing attempts,offense,Football
Patrick Mahomes,Z2lkOi8vaHMzL0NhdGVnb3J5Lzcw,gid://hs3/Category/70,70,Passing yards,offense,Football
Patrick Mahomes,Z2lkOi8vaHMzL0NhdGVnb3J5Lzcx,gid://hs3/Category/71,71,Passing tds,offense,Football
Patrick Mahomes,Z2lkOi8vaHMzL0NhdGVnb3J5Lzg0,gid://hs3/Category/84,84,Anytime td scorer,offense,Football
Patrick Mahomes,Z2lkOi8vaHMzL0NhdGVnb3J5Lzg1,gid://hs3/Category/85,85,Longest completion,offense,Football
Patrick Mahomes,Z2lkOi8vaHMzL0NhdGVnb3J5Lzg2,gid://hs3/Category/86,86,Longest rush,offense,Football
Patrick Mahomes,Z2lkOi8vaHMzL0NhdGVnb3J5Lzgx,gid://hs3/Category/81,81,Passing completions,offense,Football
Patrick Mahomes,Z2lkOi8vaHMzL0NhdGVnb3J5Lzgy,gid://hs3/Category/82,82,First td scorer,offense,Football
Patrick Mahomes,Z2lkOi8vaHMzL0NhdGVnb3J5Lzgz,gid://hs3/Category/83,83,Last td scorer,offense,Football
Patrick Mahomes,Z2lkOi8vaHMzL0NhdGVnb3J5Lzk1,gid://hs3/Category/95,95,Passing rushing yards,offense,Football
Patrick Mahomes,Z2lkOi8vaHMzL0NhdGVnb3J5Lzk2,gid://hs3/Category/96,96,Fumbles,offense,Football
Patrick Mahomes,Z2lkOi8vaHMzL0NhdGVnb3J5Lzk3,gid://hs3/Category/97,97,Lost fumbles,offense,Football
Trevor Lawrence,Z2lkOi8vaHMzL0NhdGVnb3J5Lzc0,gid://hs3/Category/74,74,Rushing yards,offense,Football
Trevor Lawrence,Z2lkOi8vaHMzL0NhdGVnb3J5Lzc1,gid://hs3/Category/75,75,Rushing tds,offense,Football
Trevor Lawrence,Z2lkOi8vaHMzL0NhdGVnb3J5Lzc2,gid://hs3/Category/76,76,Interceptions thrown,offense,Football
Trevor Lawrence,Z2lkOi8vaHMzL0NhdGVnb3J5Lzc3,gid://hs3/Category/77,77,Passing attempts,offense,Football
Trevor Lawrence,Z2lkOi8vaHMzL0NhdGVnb3J5Lzc4,gid://hs3/Category/78,78,Rushing attempts,offense,Football
Trevor Lawrence,Z2lkOi8vaHMzL0NhdGVnb3J5Lzcw,gid://hs3/Category/70,70,Passing yards,offense,Football
Trevor Lawrence,Z2lkOi8vaHMzL0NhdGVnb3J5Lzcx,gid://hs3/Category/71,71,Passing tds,offense,Football
Trevor Lawrence,Z2lkOi8vaHMzL0NhdGVnb3J5Lzg0,gid://hs3/Category/84,84,Anytime td scorer,offense,Football
Trevor Lawrence,Z2lkOi8vaHMzL0NhdGVnb3J5Lzg1,gid://hs3/Category/85,85,Longest completion,offense,Football
Trevor Lawrence,Z2lkOi8vaHMzL0NhdGVnb3J5Lzg2,gid://hs3/Category/86,86,Longest rush,offense,Football
Trevor Lawrence,Z2lkOi8vaHMzL0NhdGVnb3J5Lzgx,gid://hs3/Category/81,81,Passing completions,offense,Football
Trevor Lawrence,Z2lkOi8vaHMzL0NhdGVnb3J5Lzgy,gid://hs3/Category/82,82,First td scorer,offense,Football
Trevor Lawrence,Z2lkOi8vaHMzL0NhdGVnb3J5Lzgz,gid://hs3/Category/83,83,Last td scorer,offense,Football
Trevor Lawrence,Z2lkOi8vaHMzL0NhdGVnb3J5Lzk1,gid://hs3/Category/95,95,Passing rushing yards,offense,Football
Trevor Lawrence,Z2lkOi8vaHMzL0NhdGVnb3J5Lzk2,gid://hs3/Category/96,96,Fumbles,offense,Football
Trevor Lawrence,Z2lkOi8vaHMzL0NhdGVnb3J5Lzk3,gid://hs3/Category/97,97,Lost fumbles,offense,Football
Isiah Pacheco,Z2lkOi8vaHMzL0NhdGVnb3J5Lzc0,gid://hs3/Category/74,74,Rushing yards,offense,Football
Isiah Pacheco,Z2lkOi8vaHMzL0NhdGVnb3J5Lzc1,gid://hs3/Category/75,75,Rushing tds,offense,Football
Isiah Pacheco,Z2lkOi8vaHMzL0NhdGVnb3J5Lzc4,gid://hs3/Category/78,78,Rushing attempts,offense,Football
Isiah Pacheco,Z2lkOi8vaHMzL0NhdGVnb3J5Lzc5,gid://hs3/Category/79,79,Receptions,offense,Football
Isiah Pacheco,Z2lkOi8vaHMzL0NhdGVnb3J5Lzcy,gid://hs3/Category/72,72,Receiving yards,offense,Football
Isiah Pacheco,Z2lkOi8vaHMzL0NhdGVnb3J5Lzcz,gid://hs3/Category/73,73,Receiving tds,offense,Football
Isiah Pacheco,Z2lkOi8vaHMzL0NhdGVnb3J5Lzg0,gid://hs3/Category/84,84,Anytime td scorer,offense,Football
Isiah Pacheco,Z2lkOi8vaHMzL0NhdGVnb3J5Lzg2,gid://hs3/Category/86,86,Longest rush,offense,Football
Isiah Pacheco,Z2lkOi8vaHMzL0NhdGVnb3J5Lzg3,gid://hs3/Category/87,87,Longest reception,offense,Football
Isiah Pacheco,Z2lkOi8vaHMzL0NhdGVnb3J5Lzgw,gid://hs3/Category/80,80,Receiving rushing yards,offense,Football
Isiah Pacheco,Z2lkOi8vaHMzL0NhdGVnb3J5Lzgy,gid://hs3/Category/82,82,First td scorer,offense,Football
Isiah Pacheco,Z2lkOi8vaHMzL0NhdGVnb3J5Lzgz,gid://hs3/Category/83,83,Last td scorer,offense,Football
Isiah Pacheco,Z2lkOi8vaHMzL0NhdGVnb3J5Lzk2,gid://hs3/Category/96,96,Fumbles,offense,Football
Isiah Pacheco,Z2lkOi8vaHMzL0NhdGVnb3J5Lzk3,gid://hs3/Category/97,97,Lost fumbles,offense,Football
Travis Kelce,Z2lkOi8vaHMzL0NhdGVnb3J5Lzc0,gid://hs3/Category/74,74,Rushing yards,offense,Football
Travis Kelce,Z2lkOi8vaHMzL0NhdGVnb3J5Lzc1,gid://hs3/Category/75,75,Rushing tds,offense,Football
Travis Kelce,Z2lkOi8vaHMzL0NhdGVnb3J5Lzc4,gid://hs3/Category/78,78,Rushing attempts,offense,Football
Travis Kelce,Z2lkOi8vaHMzL0NhdGVnb3J5Lzc5,gid://hs3/Category/79,79,Receptions,offense,Football
Travis Kelce,Z2lkOi8vaHMzL0NhdGVnb3J5Lzcy,gid://hs3/Category/72,72,Receiving yards,offense,Football
Travis Kelce,Z2lkOi8vaHMzL0NhdGVnb3J5Lzcz,gid://hs3/Category/73,73,Receiving tds,offense,Football
Travis Kelce,Z2lkOi8vaHMzL0NhdGVnb3J5Lzg0,gid://hs3/Category/84,84,Anytime td scorer,offense,Football
Travis Kelce,Z2lkOi8vaHMzL0NhdGVnb3J5Lzg3,gid://hs3/Category/87,87,Longest reception,offense,Football
Travis Kelce,Z2lkOi8vaHMzL0NhdGVnb3J5Lzgy,gid://hs3/Category/82,82,First td scorer,offense,Football
Travis Kelce,Z2lkOi8vaHMzL0NhdGVnb3J5Lzgz,gid://hs3/Category/83,83,Last td scorer,offense,Football
Travis Kelce,Z2lkOi8vaHMzL0NhdGVnb3J5Lzk2,gid://hs3/Category/96,96,Fumbles,offense,Football
Travis Kelce,Z2lkOi8vaHMzL0NhdGVnb3J5Lzk3,gid://hs3/Category/97,97,Lost fumbles,offense,Football
Harrison Butker,Z2lkOi8vaHMzL0NhdGVnb3J5Lzkw,gid://hs3/Category/90,90,Field goal made,specialteams,Football
Harrison Butker,Z2lkOi8vaHMzL0NhdGVnb3J5Lzkx,gid://hs3/Category/91,91,Extra point made,specialteams,Football
Harrison Butker,Z2lkOi8vaHMzL0NhdGVnb3J5Lzky,gid://hs3/Category/92,92,Kicking points,specialteams,Football
Hollywood Brown,Z2lkOi8vaHMzL0NhdGVnb3J5Lzc0,gid://hs3/Category/74,74,Rushing yards,offense,Football
Hollywood Brown,Z2lkOi8vaHMzL0NhdGVnb3J5Lzc4,gid://hs3/Category/78,78,Rushing attempts,offense,Football
Hollywood Brown,Z2lkOi8vaHMzL0NhdGVnb3J5Lzc5,gid://hs3/Category/79,79,Receptions,offense,Football
Hollywood Brown,Z2lkOi8vaHMzL0NhdGVnb3J5Lzcy,gid://hs3/Category/72,72,Receiving yards,offense,Football
Hollywood Brown,Z2lkOi8vaHMzL0NhdGVnb3J5Lzcz,gid://hs3/Category/73,73,Receiving tds,offense,Football
Hollywood Brown,Z2lkOi8vaHMzL0NhdGVnb3J5Lzg0,gid://hs3/Category/84,84,Anytime td scorer,offense,Football
Hollywood Brown,Z2lkOi8vaHMzL0NhdGVnb3J5Lzg3,gid://hs3/Category/87,87,Longest reception,offense,Football
Hollywood Brown,Z2lkOi8vaHMzL0NhdGVnb3J5Lzgw,gid://hs3/Category/80,80,Receiving rushing yards,offense,Football
Hollywood Brown,Z2lkOi8vaHMzL0NhdGVnb3J5Lzgy,gid://hs3/Category/82,82,First td scorer,offense,Football
Hollywood Brown,Z2lkOi8vaHMzL0NhdGVnb3J5Lzgz,gid://hs3/Category/83,83,Last td scorer,offense,Football
Hollywood Brown,Z2lkOi8vaHMzL0NhdGVnb3J5Lzk2,gid://hs3/Category/96,96,Fumbles,offense,Football
Hollywood Brown,Z2lkOi8vaHMzL0NhdGVnb3J5Lzk3,gid://hs3/Category/97,97,Lost fumbles,offense,Football
Xavier Worthy,Z2lkOi8vaHMzL0NhdGVnb3J5Lzc0,gid://hs3/Category/74,74,Rushing yards,offense,Football
Xavier Worthy,Z2lkOi8vaHMzL0NhdGVnb3J5Lzc4,gid://hs3/Category/78,78,Rushing attempts,offense,Football
Xavier Worthy,Z2lkOi8vaHMzL0NhdGVnb3J5Lzc5,gid://hs3/Category/79,79,Receptions,offense,Football
Xavier Worthy,Z2lkOi8vaHMzL0NhdGVnb3J5Lzcy,gid://hs3/Category/72,72,Receiving yards,offense,Football
Xavier Worthy,Z2lkOi8vaHMzL0NhdGVnb3J5Lzcz,gid://hs3/Category/73,73,Receiving tds,offense,Football
Xavier Worthy,Z2lkOi8vaHMzL0NhdGVnb3J5Lzg0,gid://hs3/Category/84,84,Anytime td scorer,offense,Football
Xavier Worthy,Z2lkOi8vaHMzL0NhdGVnb3J5Lzg3,gid://hs3/Category/87,87,Longest reception,offense,Football
Xavier Worthy,Z2lkOi8vaHMzL0NhdGVnb3J5Lzgw,gid://hs3/Category/80,80,Receiving rushing yards,offense,Football
Xavier Worthy,Z2lkOi8vaHMzL0NhdGVnb3J5Lzgy,gid://hs3/Category/82,82,First td scorer,offense,Football
Xavier Worthy,Z2lkOi8vaHMzL0NhdGVnb3J5Lzgz,gid://hs3/Category/83,83,Last td scorer,offense,Football
Xavier Worthy,Z2lkOi8vaHMzL0NhdGVnb3J5Lzk2,gid://hs3/Category/96,96,Fumbles,offense,Football
Xavier Worthy,Z2lkOi8vaHMzL0NhdGVnb3J5Lzk3,gid://hs3/Category/97,97,Lost fumbles,offense,Football
Kareem Hunt,Z2lkOi8vaHMzL0NhdGVnb3J5Lzc0,gid://hs3/Category/74,74,Rushing yards,offense,Football
Kareem Hunt,Z2lkOi8vaHMzL0NhdGVnb3J5Lzc1,gid://hs3/Category/75,75,Rushing tds,offense,Football
Kareem Hunt,Z2lkOi8vaHMzL0NhdGVnb3J5Lzc4,gid://hs3/Category/78,78,Rushing attempts,offense,Football
Kareem Hunt,Z2lkOi8vaHMzL0NhdGVnb3J5Lzc5,gid://hs3/Category/79,79,Receptions,offense,Football
Kareem Hunt,Z2lkOi8vaHMzL0NhdGVnb3J5Lzcy,gid://hs3/Category/72,72,Receiving yards,offense,Football
Kareem Hunt,Z2lkOi8vaHMzL0NhdGVnb3J5Lzcz,gid://hs3/Category/73,73,Receiving tds,offense,Football
Kareem Hunt,Z2lkOi8vaHMzL0NhdGVnb3J5Lzg0,gid://hs3/Category/84,84,Anytime td scorer,offense,Football
Kareem Hunt,Z2lkOi8vaHMzL0NhdGVnb3J5Lzg2,gid://hs3/Category/86,86,Longest rush,offense,Football
Kareem Hunt,Z2lkOi8vaHMzL0NhdGVnb3J5Lzg3,gid://hs3/Category/87,87,Longest reception,offense,Football
Kareem Hunt,Z2lkOi8vaHMzL0NhdGVnb3J5Lzgw,gid://hs3/Category/80,80,Receiving rushing yards,offense,Football
Kareem Hunt,Z2lkOi8vaHMzL0NhdGVnb3J5Lzgy,gid://hs3/Category/82,82,First td scorer,offense,Football
Kareem Hunt,Z2lkOi8vaHMzL0NhdGVnb3J5Lzgz,gid://hs3/Category/83,83,Last td scorer,offense,Football
Kareem Hunt,Z2lkOi8vaHMzL0NhdGVnb3J5Lzk2,gid://hs3/Category/96,96,Fumbles,offense,Football
Kareem Hunt,Z2lkOi8vaHMzL0NhdGVnb3J5Lzk3,gid://hs3/Category/97,97,Lost fumbles,offense,Football
Cam Little,Z2lkOi8vaHMzL0NhdGVnb3J5Lzkw,gid://hs3/Category/90,90,Field goal made,specialteams,Football
Cam Little,Z2lkOi8vaHMzL0NhdGVnb3J5Lzkx,gid://hs3/Category/91,91,Extra point made,specialteams,Football
Cam Little,Z2lkOi8vaHMzL0NhdGVnb3J5Lzky,gid://hs3/Category/92,92,Kicking points,specialteams,Football
Travis Hunter,Z2lkOi8vaHMzL0NhdGVnb3J5Lzc0,gid://hs3/Category/74,74,Rushing yards,offense,Football
Travis Hunter,Z2lkOi8vaHMzL0NhdGVnb3J5Lzc4,gid://hs3/Category/78,78,Rushing attempts,offense,Football
Travis Hunter,Z2lkOi8vaHMzL0NhdGVnb3J5Lzc5,gid://hs3/Category/79,79,Receptions,offense,Football
Travis Hunter,Z2lkOi8vaHMzL0NhdGVnb3J5Lzcy,gid://hs3/Category/72,72,Receiving yards,offense,Football
Travis Hunter,Z2lkOi8vaHMzL0NhdGVnb3J5Lzcz,gid://hs3/Category/73,73,Receiving tds,offense,Football
Travis Hunter,Z2lkOi8vaHMzL0NhdGVnb3J5Lzg0,gid://hs3/Category/84,84,Anytime td scorer,offense,Football
Travis Hunter,Z2lkOi8vaHMzL0NhdGVnb3J5Lzg3,gid://hs3/Category/87,87,Longest reception,offense,Football
Travis Hunter,Z2lkOi8vaHMzL0NhdGVnb3J5Lzgw,gid://hs3/Category/80,80,Receiving rushing yards,offense,Football
Travis Hunter,Z2lkOi8vaHMzL0NhdGVnb3J5Lzgy,gid://hs3/Category/82,82,First td scorer,offense,Football
Travis Hunter,Z2lkOi8vaHMzL0NhdGVnb3J5Lzgz,gid://hs3/Category/83,83,Last td scorer,offense,Football
Travis Hunter,Z2lkOi8vaHMzL0NhdGVnb3J5Lzk2,gid://hs3/Category/96,96,Fumbles,offense,Football
Travis Hunter,Z2lkOi8vaHMzL0NhdGVnb3J5Lzk3,gid://hs3/Category/97,97,Lost fumbles,offense,Football
Brian Thomas Jr.,Z2lkOi8vaHMzL0NhdGVnb3J5Lzc0,gid://hs3/Category/74,74,Rushing yards,offense,Football
Brian Thomas Jr.,Z2lkOi8vaHMzL0NhdGVnb3J5Lzc4,gid://hs3/Category/78,78,Rushing attempts,offense,Football
Brian Thomas Jr.,Z2lkOi8vaHMzL0NhdGVnb3J5Lzc5,gid://hs3/Category/79,79,Receptions,offense,Football
Brian Thomas Jr.,Z2lkOi8vaHMzL0NhdGVnb3J5Lzcy,gid://hs3/Category/72,72,Receiving yards,offense,Football
Brian Thomas Jr.,Z2lkOi8vaHMzL0NhdGVnb3J5Lzcz,gid://hs3/Category/73,73,Receiving tds,offense,Football
Brian Thomas Jr.,Z2lkOi8vaHMzL0NhdGVnb3J5Lzg0,gid://hs3/Category/84,84,Anytime td scorer,offense,Football
Brian Thomas Jr.,Z2lkOi8vaHMzL0NhdGVnb3J5Lzg3,gid://hs3/Category/87,87,Longest reception,offense,Football
Brian Thomas Jr.,Z2lkOi8vaHMzL0NhdGVnb3J5Lzgw,gid://hs3/Category/80,80,Receiving rushing yards,offense,Football
Brian Thomas Jr.,Z2lkOi8vaHMzL0NhdGVnb3J5Lzgy,gid://hs3/Category/82,82,First td scorer,offense,Football
Brian Thomas Jr.,Z2lkOi8vaHMzL0NhdGVnb3J5Lzgz,gid://hs3/Category/83,83,Last td scorer,offense,Football
Brian Thomas Jr.,Z2lkOi8vaHMzL0NhdGVnb3J5Lzk2,gid://hs3/Category/96,96,Fumbles,offense,Football
Brian Thomas Jr.,Z2lkOi8vaHMzL0NhdGVnb3J5Lzk3,gid://hs3/Category/97,97,Lost fumbles,offense,Football
Tyquan Thornton,Z2lkOi8vaHMzL0NhdGVnb3J5Lzc0,gid://hs3/Category/74,74,Rushing yards,offense,Football
Tyquan Thornton,Z2lkOi8vaHMzL0NhdGVnb3J5Lzc4,gid://hs3/Category/78,78,Rushing attempts,offense,Football
Tyquan Thornton,Z2lkOi8vaHMzL0NhdGVnb3J5Lzc5,gid://hs3/Category/79,79,Receptions,offense,Football
Tyquan Thornton,Z2lkOi8vaHMzL0NhdGVnb3J5Lzcy,gid://hs3/Category/72,72,Receiving yards,offense,Football
Tyquan Thornton,Z2lkOi8vaHMzL0NhdGVnb3J5Lzcz,gid://hs3/Category/73,73,Receiving tds,offense,Football
Tyquan Thornton,Z2lkOi8vaHMzL0NhdGVnb3J5Lzg0,gid://hs3/Category/84,84,Anytime td scorer,offense,Football
Tyquan Thornton,Z2lkOi8vaHMzL0NhdGVnb3J5Lzg3,gid://hs3/Category/87,87,Longest reception,offense,Football
Tyquan Thornton,Z2lkOi8vaHMzL0NhdGVnb3J5Lzgw,gid://hs3/Category/80,80,Receiving rushing yards,offense,Football
Tyquan Thornton,Z2lkOi8vaHMzL0NhdGVnb3J5Lzgy,gid://hs3/Category/82,82,First td scorer,offense,Football
Tyquan Thornton,Z2lkOi8vaHMzL0NhdGVnb3J5Lzgz,gid://hs3/Category/83,83,Last td scorer,offense,Football
Tyquan Thornton,Z2lkOi8vaHMzL0NhdGVnb3J5Lzk2,gid://hs3/Category/96,96,Fumbles,offense,Football
Tyquan Thornton,Z2lkOi8vaHMzL0NhdGVnb3J5Lzk3,gid://hs3/Category/97,97,Lost fumbles,offense,Football
Bhayshul Tuten,Z2lkOi8vaHMzL0NhdGVnb3J5Lzc0,gid://hs3/Category/74,74,Rushing yards,offense,Football
Bhayshul Tuten,Z2lkOi8vaHMzL0NhdGVnb3J5Lzc1,gid://hs3/Category/75,75,Rushing tds,offense,Football
Bhayshul Tuten,Z2lkOi8vaHMzL0NhdGVnb3J5Lzc4,gid://hs3/Category/78,78,Rushing attempts,offense,Football
Bhayshul Tuten,Z2lkOi8vaHMzL0NhdGVnb3J5Lzc5,gid://hs3/Category/79,79,Receptions,offense,Football
Bhayshul Tuten,Z2lkOi8vaHMzL0NhdGVnb3J5Lzcy,gid://hs3/Category/72,72,Receiving yards,offense,Football
Bhayshul Tuten,Z2lkOi8vaHMzL0NhdGVnb3J5Lzcz,gid://hs3/Category/73,73,Receiving tds,offense,Football
Bhayshul Tuten,Z2lkOi8vaHMzL0NhdGVnb3J5Lzg0,gid://hs3/Category/84,84,Anytime td scorer,offense,Football
Bhayshul Tuten,Z2lkOi8vaHMzL0NhdGVnb3J5Lzg2,gid://hs3/Category/86,86,Longest rush,offense,Football
Bhayshul Tuten,Z2lkOi8vaHMzL0NhdGVnb3J5Lzg3,gid://hs3/Category/87,87,Longest reception,offense,Football
Bhayshul Tuten,Z2lkOi8vaHMzL0NhdGVnb3J5Lzgw,gid://hs3/Category/80,80,Receiving rushing yards,offense,Football
Bhayshul Tuten,Z2lkOi8vaHMzL0NhdGVnb3J5Lzgy,gid://hs3/Category/82,82,First td scorer,offense,Football
Bhayshul Tuten,Z2lkOi8vaHMzL0NhdGVnb3J5Lzgz,gid://hs3/Category/83,83,Last td scorer,offense,Football
Bhayshul Tuten,Z2lkOi8vaHMzL0NhdGVnb3J5Lzk2,gid://hs3/Category/96,96,Fumbles,offense,Football
Bhayshul Tuten,Z2lkOi8vaHMzL0NhdGVnb3J5Lzk3,gid://hs3/Category/97,97,Lost fumbles,offense,Football
Travis Etienne Jr.,Z2lkOi8vaHMzL0NhdGVnb3J5Lzc0,gid://hs3/Category/74,74,Rushing yards,offense,Football
Travis Etienne Jr.,Z2lkOi8vaHMzL0NhdGVnb3J5Lzc1,gid://hs3/Category/75,75,Rushing tds,offense,Football
Travis Etienne Jr.,Z2lkOi8vaHMzL0NhdGVnb3J5Lzc4,gid://hs3/Category/78,78,Rushing attempts,offense,Football
Travis Etienne Jr.,Z2lkOi8vaHMzL0NhdGVnb3J5Lzc5,gid://hs3/Category/79,79,Receptions,offense,Football
Travis Etienne Jr.,Z2lkOi8vaHMzL0NhdGVnb3J5Lzcy,gid://hs3/Category/72,72,Receiving yards,offense,Football
Travis Etienne Jr.,Z2lkOi8vaHMzL0NhdGVnb3J5Lzcz,gid://hs3/Category/73,73,Receiving tds,offense,Football
Travis Etienne Jr.,Z2lkOi8vaHMzL0NhdGVnb3J5Lzg0,gid://hs3/Category/84,84,Anytime td scorer,offense,Football
Travis Etienne Jr.,Z2lkOi8vaHMzL0NhdGVnb3J5Lzg2,gid://hs3/Category/86,86,Longest rush,offense,Football
Travis Etienne Jr.,Z2lkOi8vaHMzL0NhdGVnb3J5Lzg3,gid://hs3/Category/87,87,Longest reception,offense,Football
Travis Etienne Jr.,Z2lkOi8vaHMzL0NhdGVnb3J5Lzgw,gid://hs3/Category/80,80,Receiving rushing yards,offense,Football
Travis Etienne Jr.,Z2lkOi8vaHMzL0NhdGVnb3J5Lzgy,gid://hs3/Category/82,82,First td scorer,offense,Football
Travis Etienne Jr.,Z2lkOi8vaHMzL0NhdGVnb3J5Lzgz,gid://hs3/Category/83,83,Last td scorer,offense,Football
Travis Etienne Jr.,Z2lkOi8vaHMzL0NhdGVnb3J5Lzk2,gid://hs3/Category/96,96,Fumbles,offense,Football
Travis Etienne Jr.,Z2lkOi8vaHMzL0NhdGVnb3J5Lzk3,gid://hs3/Category/97,97,Lost fumbles,offense,Football
JuJu Smith-Schuster,Z2lkOi8vaHMzL0NhdGVnb3J5Lzc0,gid://hs3/Category/74,74,Rushing yards,offense,Football
JuJu Smith-Schuster,Z2lkOi8vaHMzL0NhdGVnb3J5Lzc4,gid://hs3/Category/78,78,Rushing attempts,offense,Football
JuJu Smith-Schuster,Z2lkOi8vaHMzL0NhdGVnb3J5Lzc5,gid://hs3/Category/79,79,Receptions,offense,Football
JuJu Smith-Schuster,Z2lkOi8vaHMzL0NhdGVnb3J5Lzcy,gid://hs3/Category/72,72,Receiving yards,offense,Football
JuJu Smith-Schuster,Z2lkOi8vaHMzL0NhdGVnb3J5Lzcz,gid://hs3/Category/73,73,Receiving tds,offense,Football
JuJu Smith-Schuster,Z2lkOi8vaHMzL0NhdGVnb3J5Lzg0,gid://hs3/Category/84,84,Anytime td scorer,offense,Football
JuJu Smith-Schuster,Z2lkOi8vaHMzL0NhdGVnb3J5Lzg3,gid://hs3/Category/87,87,Longest reception,offense,Football
JuJu Smith-Schuster,Z2lkOi8vaHMzL0NhdGVnb3J5Lzgw,gid://hs3/Category/80,80,Receiving rushing yards,offense,Football
JuJu Smith-Schuster,Z2lkOi8vaHMzL0NhdGVnb3J5Lzgy,gid://hs3/Category/82,82,First td scorer,offense,Football
JuJu Smith-Schuster,Z2lkOi8vaHMzL0NhdGVnb3J5Lzgz,gid://hs3/Category/83,83,Last td scorer,offense,Football
JuJu Smith-Schuster,Z2lkOi8vaHMzL0NhdGVnb3J5Lzk2,gid://hs3/Category/96,96,Fumbles,offense,Football
JuJu Smith-Schuster,Z2lkOi8vaHMzL0NhdGVnb3J5Lzk3,gid://hs3/Category/97,97,Lost fumbles,offense,Football
Brenton Strange,Z2lkOi8vaHMzL0NhdGVnb3J5Lzc0,gid://hs3/Category/74,74,Rushing yards,offense,Football
Brenton Strange,Z2lkOi8vaHMzL0NhdGVnb3J5Lzc1,gid://hs3/Category/75,75,Rushing tds,offense,Football
Brenton Strange,Z2lkOi8vaHMzL0NhdGVnb3J5Lzc4,gid://hs3/Category/78,78,Rushing attempts,offense,Football
Brenton Strange,Z2lkOi8vaHMzL0NhdGVnb3J5Lzc5,gid://hs3/Category/79,79,Receptions,offense,Football
Brenton Strange,Z2lkOi8vaHMzL0NhdGVnb3J5Lzcy,gid://hs3/Category/72,72,Receiving yards,offense,Football
Brenton Strange,Z2lkOi8vaHMzL0NhdGVnb3J5Lzcz,gid://hs3/Category/73,73,Receiving tds,offense,Football
Brenton Strange,Z2lkOi8vaHMzL0NhdGVnb3J5Lzg0,gid://hs3/Category/84,84,Anytime td scorer,offense,Football
Brenton Strange,Z2lkOi8vaHMzL0NhdGVnb3J5Lzg3,gid://hs3/Category/87,87,Longest reception,offense,Football
Brenton Strange,Z2lkOi8vaHMzL0NhdGVnb3J5Lzgy,gid://hs3/Category/82,82,First td scorer,offense,Football
Brenton Strange,Z2lkOi8vaHMzL0NhdGVnb3J5Lzgz,gid://hs3/Category/83,83,Last td scorer,offense,Football
Brenton Strange,Z2lkOi8vaHMzL0NhdGVnb3J5Lzk2,gid://hs3/Category/96,96,Fumbles,offense,Football
Brenton Strange,Z2lkOi8vaHMzL0NhdGVnb3J5Lzk3,gid://hs3/Category/97,97,Lost fumbles,offense,Football
Noah Gray,Z2lkOi8vaHMzL0NhdGVnb3J5Lzc0,gid://hs3/Category/74,74,Rushing yards,offense,Football
Noah Gray,Z2lkOi8vaHMzL0NhdGVnb3J5Lzc1,gid://hs3/Category/75,75,Rushing tds,offense,Football
Noah Gray,Z2lkOi8vaHMzL0NhdGVnb3J5Lzc4,gid://hs3/Category/78,78,Rushing attempts,offense,Football
Noah Gray,Z2lkOi8vaHMzL0NhdGVnb3J5Lzc5,gid://hs3/Category/79,79,Receptions,offense,Football
Noah Gray,Z2lkOi8vaHMzL0NhdGVnb3J5Lzcy,gid://hs3/Category/72,72,Receiving yards,offense,Football
Noah Gray,Z2lkOi8vaHMzL0NhdGVnb3J5Lzcz,gid://hs3/Category/73,73,Receiving tds,offense,Football
Noah Gray,Z2lkOi8vaHMzL0NhdGVnb3J5Lzg0,gid://hs3/Category/84,84,Anytime td scorer,offense,Football
Noah Gray,Z2lkOi8vaHMzL0NhdGVnb3J5Lzg3,gid://hs3/Category/87,87,Longest reception,offense,Football
Noah Gray,Z2lkOi8vaHMzL0NhdGVnb3J5Lzgy,gid://hs3/Category/82,82,First td scorer,offense,Football
Noah Gray,Z2lkOi8vaHMzL0NhdGVnb3J5Lzgz,gid://hs3/Category/83,83,Last td scorer,offense,Football
Noah Gray,Z2lkOi8vaHMzL0NhdGVnb3J5Lzk2,gid://hs3/Category/96,96,Fumbles,offense,Football
Noah Gray,Z2lkOi8vaHMzL0NhdGVnb3J5Lzk3,gid://hs3/Category/97,97,Lost fumbles,offense,Football
Dyami Brown,Z2lkOi8vaHMzL0NhdGVnb3J5Lzc0,gid://hs3/Category/74,74,Rushing yards,offense,Football
Dyami Brown,Z2lkOi8vaHMzL0NhdGVnb3J5Lzc4,gid://hs3/Category/78,78,Rushing attempts,offense,Football
Dyami Brown,Z2lkOi8vaHMzL0NhdGVnb3J5Lzc5,gid://hs3/Category/79,79,Receptions,offense,Football
Dyami Brown,Z2lkOi8vaHMzL0NhdGVnb3J5Lzcy,gid://hs3/Category/72,72,Receiving yards,offense,Football
Dyami Brown,Z2lkOi8vaHMzL0NhdGVnb3J5Lzcz,gid://hs3/Category/73,73,Receiving tds,offense,Football
Dyami Brown,Z2lkOi8vaHMzL0NhdGVnb3J5Lzg0,gid://hs3/Category/84,84,Anytime td scorer,offense,Football
Dyami Brown,Z2lkOi8vaHMzL0NhdGVnb3J5Lzg3,gid://hs3/Category/87,87,Longest reception,offense,Football
Dyami Brown,Z2lkOi8vaHMzL0NhdGVnb3J5Lzgw,gid://hs3/Category/80,80,Receiving rushing yards,offense,Football
Dyami Brown,Z2lkOi8vaHMzL0NhdGVnb3J5Lzgy,gid://hs3/Category/82,82,First td scorer,offense,Football
Dyami Brown,Z2lkOi8vaHMzL0NhdGVnb3J5Lzgz,gid://hs3/Category/83,83,Last td scorer,offense,Football
Dyami Brown,Z2lkOi8vaHMzL0NhdGVnb3J5Lzk2,gid://hs3/Category/96,96,Fumbles,offense,Football
Dyami Brown,Z2lkOi8vaHMzL0NhdGVnb3J5Lzk3,gid://hs3/Category/97,97,Lost fumbles,offense,Football
Parker Washington,Z2lkOi8vaHMzL0NhdGVnb3J5Lzc0,gid://hs3/Category/74,74,Rushing yards,offense,Football
Parker Washington,Z2lkOi8vaHMzL0NhdGVnb3J5Lzc4,gid://hs3/Category/78,78,Rushing attempts,offense,Football
Parker Washington,Z2lkOi8vaHMzL0NhdGVnb3J5Lzc5,gid://hs3/Category/79,79,Receptions,offense,Football
Parker Washington,Z2lkOi8vaHMzL0NhdGVnb3J5Lzcy,gid://hs3/Category/72,72,Receiving yards,offense,Football
Parker Washington,Z2lkOi8vaHMzL0NhdGVnb3J5Lzcz,gid://hs3/Category/73,73,Receiving tds,offense,Football
Parker Washington,Z2lkOi8vaHMzL0NhdGVnb3J5Lzg0,gid://hs3/Category/84,84,Anytime td scorer,offense,Football
Parker Washington,Z2lkOi8vaHMzL0NhdGVnb3J5Lzg3,gid://hs3/Category/87,87,Longest reception,offense,Football
Parker Washington,Z2lkOi8vaHMzL0NhdGVnb3J5Lzgw,gid://hs3/Category/80,80,Receiving rushing yards,offense,Football
Parker Washington,Z2lkOi8vaHMzL0NhdGVnb3J5Lzgy,gid://hs3/Category/82,82,First td scorer,offense,Football
Parker Washington,Z2lkOi8vaHMzL0NhdGVnb3J5Lzgz,gid://hs3/Category/83,83,Last td scorer,offense,Football
Parker Washington,Z2lkOi8vaHMzL0NhdGVnb3J5Lzk2,gid://hs3/Category/96,96,Fumbles,offense,Football
Parker Washington,Z2lkOi8vaHMzL0NhdGVnb3J5Lzk3,gid://hs3/Category/97,97,Lost fumbles,offense,Football
George Karlaftis,Z2lkOi8vaHMzL0NhdGVnb3J5Lzg0,gid://hs3/Category/84,84,Anytime td scorer,offense,Football
George Karlaftis,Z2lkOi8vaHMzL0NhdGVnb3J5Lzkz,gid://hs3/Category/93,93,Sacks,defense,Football
Brashard Smith,Z2lkOi8vaHMzL0NhdGVnb3J5Lzc0,gid://hs3/Category/74,74,Rushing yards,offense,Football
Brashard Smith,Z2lkOi8vaHMzL0NhdGVnb3J5Lzc1,gid://hs3/Category/75,75,Rushing tds,offense,Football
Brashard Smith,Z2lkOi8vaHMzL0NhdGVnb3J5Lzc4,gid://hs3/Category/78,78,Rushing attempts,offense,Football
Brashard Smith,Z2lkOi8vaHMzL0NhdGVnb3J5Lzc5,gid://hs3/Category/79,79,Receptions,offense,Football
Brashard Smith,Z2lkOi8vaHMzL0NhdGVnb3J5Lzcy,gid://hs3/Category/72,72,Receiving yards,offense,Football
Brashard Smith,Z2lkOi8vaHMzL0NhdGVnb3J5Lzcz,gid://hs3/Category/73,73,Receiving tds,offense,Football
Brashard Smith,Z2lkOi8vaHMzL0NhdGVnb3J5Lzg0,gid://hs3/Category/84,84,Anytime td scorer,offense,Football
Brashard Smith,Z2lkOi8vaHMzL0NhdGVnb3J5Lzg2,gid://hs3/Category/86,86,Longest rush,offense,Football
Brashard Smith,Z2lkOi8vaHMzL0NhdGVnb3J5Lzg3,gid://hs3/Category/87,87,Longest reception,offense,Football
Brashard Smith,Z2lkOi8vaHMzL0NhdGVnb3J5Lzgw,gid://hs3/Category/80,80,Receiving rushing yards,offense,Football
Brashard Smith,Z2lkOi8vaHMzL0NhdGVnb3J5Lzgy,gid://hs3/Category/82,82,First td scorer,offense,Football
Brashard Smith,Z2lkOi8vaHMzL0NhdGVnb3J5Lzgz,gid://hs3/Category/83,83,Last td scorer,offense,Football
Brashard Smith,Z2lkOi8vaHMzL0NhdGVnb3J5Lzk2,gid://hs3/Category/96,96,Fumbles,offense,Football
Brashard Smith,Z2lkOi8vaHMzL0NhdGVnb3J5Lzk3,gid://hs3/Category/97,97,Lost fumbles,offense,Football
Tim Patrick,Z2lkOi8vaHMzL0NhdGVnb3J5Lzc0,gid://hs3/Category/74,74,Rushing yards,offense,Football
Tim Patrick,Z2lkOi8vaHMzL0NhdGVnb3J5Lzc4,gid://hs3/Category/78,78,Rushing attempts,offense,Football
Tim Patrick,Z2lkOi8vaHMzL0NhdGVnb3J5Lzc5,gid://hs3/Category/79,79,Receptions,offense,Football
Tim Patrick,Z2lkOi8vaHMzL0NhdGVnb3J5Lzcy,gid://hs3/Category/72,72,Receiving yards,offense,Football
Tim Patrick,Z2lkOi8vaHMzL0NhdGVnb3J5Lzcz,gid://hs3/Category/73,73,Receiving tds,offense,Football
Tim Patrick,Z2lkOi8vaHMzL0NhdGVnb3J5Lzg0,gid://hs3/Category/84,84,Anytime td scorer,offense,Football
Tim Patrick,Z2lkOi8vaHMzL0NhdGVnb3J5Lzg3,gid://hs3/Category/87,87,Longest reception,offense,Football
Tim Patrick,Z2lkOi8vaHMzL0NhdGVnb3J5Lzgw,gid://hs3/Category/80,80,Receiving rushing yards,offense,Football
Tim Patrick,Z2lkOi8vaHMzL0NhdGVnb3J5Lzgy,gid://hs3/Category/82,82,First td scorer,offense,Football
Tim Patrick,Z2lkOi8vaHMzL0NhdGVnb3J5Lzgz,gid://hs3/Category/83,83,Last td scorer,offense,Football
Tim Patrick,Z2lkOi8vaHMzL0NhdGVnb3J5Lzk2,gid://hs3/Category/96,96,Fumbles,offense,Football
Tim Patrick,Z2lkOi8vaHMzL0NhdGVnb3J5Lzk3,gid://hs3/Category/97,97,Lost fumbles,offense,Football
Jalen Royals,Z2lkOi8vaHMzL0NhdGVnb3J5Lzc0,gid://hs3/Category/74,74,Rushing yards,offense,Football
Jalen Royals,Z2lkOi8vaHMzL0NhdGVnb3J5Lzc4,gid://hs3/Category/78,78,Rushing attempts,offense,Football
Jalen Royals,Z2lkOi8vaHMzL0NhdGVnb3J5Lzc5,gid://hs3/Category/79,79,Receptions,offense,Football
Jalen Royals,Z2lkOi8vaHMzL0NhdGVnb3J5Lzcy,gid://hs3/Category/72,72,Receiving yards,offense,Football
Jalen Royals,Z2lkOi8vaHMzL0NhdGVnb3J5Lzcz,gid://hs3/Category/73,73,Receiving tds,offense,Football
Jalen Royals,Z2lkOi8vaHMzL0NhdGVnb3J5Lzg0,gid://hs3/Category/84,84,Anytime td scorer,offense,Football
Jalen Royals,Z2lkOi8vaHMzL0NhdGVnb3J5Lzg3,gid://hs3/Category/87,87,Longest reception,offense,Football
Jalen Royals,Z2lkOi8vaHMzL0NhdGVnb3J5Lzgw,gid://hs3/Category/80,80,Receiving rushing yards,offense,Football
Jalen Royals,Z2lkOi8vaHMzL0NhdGVnb3J5Lzgy,gid://hs3/Category/82,82,First td scorer,offense,Football
Jalen Royals,Z2lkOi8vaHMzL0NhdGVnb3J5Lzgz,gid://hs3/Category/83,83,Last td scorer,offense,Football
Jalen Royals,Z2lkOi8vaHMzL0NhdGVnb3J5Lzk2,gid://hs3/Category/96,96,Fumbles,offense,Football
Jalen Royals,Z2lkOi8vaHMzL0NhdGVnb3J5Lzk3,gid://hs3/Category/97,97,Lost fumbles,offense,Football
Nikko Remigio,Z2lkOi8vaHMzL0NhdGVnb3J5Lzc0,gid://hs3/Category/74,74,Rushing yards,offense,Football
Nikko Remigio,Z2lkOi8vaHMzL0NhdGVnb3J5Lzc4,gid://hs3/Category/78,78,Rushing attempts,offense,Football
Nikko Remigio,Z2lkOi8vaHMzL0NhdGVnb3J5Lzc5,gid://hs3/Category/79,79,Receptions,offense,Football
Nikko Remigio,Z2lkOi8vaHMzL0NhdGVnb3J5Lzcy,gid://hs3/Category/72,72,Receiving yards,offense,Football
Nikko Remigio,Z2lkOi8vaHMzL0NhdGVnb3J5Lzcz,gid://hs3/Category/73,73,Receiving tds,offense,Football
Nikko Remigio,Z2lkOi8vaHMzL0NhdGVnb3J5Lzg0,gid://hs3/Category/84,84,Anytime td scorer,offense,Football
Nikko Remigio,Z2lkOi8vaHMzL0NhdGVnb3J5Lzg3,gid://hs3/Category/87,87,Longest reception,offense,Football
Nikko Remigio,Z2lkOi8vaHMzL0NhdGVnb3J5Lzgw,gid://hs3/Category/80,80,Receiving rushing yards,offense,Football
Nikko Remigio,Z2lkOi8vaHMzL0NhdGVnb3J5Lzgy,gid://hs3/Category/82,82,First td scorer,offense,Football
Nikko Remigio,Z2lkOi8vaHMzL0NhdGVnb3J5Lzgz,gid://hs3/Category/83,83,Last td scorer,offense,Football
Nikko Remigio,Z2lkOi8vaHMzL0NhdGVnb3J5Lzk2,gid://hs3/Category/96,96,Fumbles,offense,Football
Nikko Remigio,Z2lkOi8vaHMzL0NhdGVnb3J5Lzk3,gid://hs3/Category/97,97,Lost fumbles,offense,Football
Robert Tonyan,Z2lkOi8vaHMzL0NhdGVnb3J5Lzc0,gid://hs3/Category/74,74,Rushing yards,offense,Football
Robert Tonyan,Z2lkOi8vaHMzL0NhdGVnb3J5Lzc1,gid://hs3/Category/75,75,Rushing tds,offense,Football
Robert Tonyan,Z2lkOi8vaHMzL0NhdGVnb3J5Lzc4,gid://hs3/Category/78,78,Rushing attempts,offense,Football
Robert Tonyan,Z2lkOi8vaHMzL0NhdGVnb3J5Lzc5,gid://hs3/Category/79,79,Receptions,offense,Football
Robert Tonyan,Z2lkOi8vaHMzL0NhdGVnb3J5Lzcy,gid://hs3/Category/72,72,Receiving yards,offense,Football
Robert Tonyan,Z2lkOi8vaHMzL0NhdGVnb3J5Lzcz,gid://hs3/Category/73,73,Receiving tds,offense,Football
Robert Tonyan,Z2lkOi8vaHMzL0NhdGVnb3J5Lzg0,gid://hs3/Category/84,84,Anytime td scorer,offense,Football
Robert Tonyan,Z2lkOi8vaHMzL0NhdGVnb3J5Lzg3,gid://hs3/Category/87,87,Longest reception,offense,Football
Robert Tonyan,Z2lkOi8vaHMzL0NhdGVnb3J5Lzgy,gid://hs3/Category/82,82,First td scorer,offense,Football
Robert Tonyan,Z2lkOi8vaHMzL0NhdGVnb3J5Lzgz,gid://hs3/Category/83,83,Last td scorer,offense,Football
Robert Tonyan,Z2lkOi8vaHMzL0NhdGVnb3J5Lzk2,gid://hs3/Category/96,96,Fumbles,offense,Football
Robert Tonyan,Z2lkOi8vaHMzL0NhdGVnb3J5Lzk3,gid://hs3/Category/97,97,Lost fumbles,offense,Football
Chris Jones,Z2lkOi8vaHMzL0NhdGVnb3J5Lzg0,gid://hs3/Category/84,84,Anytime td scorer,offense,Football
Chris Jones,Z2lkOi8vaHMzL0NhdGVnb3J5Lzkz,gid://hs3/Category/93,93,Sacks,defense,Football
Josh Hines-Allen,Z2lkOi8vaHMzL0NhdGVnb3J5Lzg0,gid://hs3/Category/84,84,Anytime td scorer,offense,Football
Josh Hines-Allen,Z2lkOi8vaHMzL0NhdGVnb3J5Lzkz,gid://hs3/Category/93,93,Sacks,defense,Football
Devin Lloyd,Z2lkOi8vaHMzL0NhdGVnb3J5Lzg0,gid://hs3/Category/84,84,Anytime td scorer,offense,Football
Devin Lloyd,Z2lkOi8vaHMzL0NhdGVnb3J5Lzk0,gid://hs3/Category/94,94,Defensive interceptions,defense,Football
Devin Lloyd,Z2lkOi8vaHMzL0NhdGVnb3J5Lzkz,gid://hs3/Category/93,93,Sacks,defense,Football
LeQuint Allen Jr.,Z2lkOi8vaHMzL0NhdGVnb3J5Lzc0,gid://hs3/Category/74,74,Rushing yards,offense,Football
LeQuint Allen Jr.,Z2lkOi8vaHMzL0NhdGVnb3J5Lzc1,gid://hs3/Category/75,75,Rushing tds,offense,Football
LeQuint Allen Jr.,Z2lkOi8vaHMzL0NhdGVnb3J5Lzc4,gid://hs3/Category/78,78,Rushing attempts,offense,Football
LeQuint Allen Jr.,Z2lkOi8vaHMzL0NhdGVnb3J5Lzc5,gid://hs3/Category/79,79,Receptions,offense,Football
LeQuint Allen Jr.,Z2lkOi8vaHMzL0NhdGVnb3J5Lzcy,gid://hs3/Category/72,72,Receiving yards,offense,Football
LeQuint Allen Jr.,Z2lkOi8vaHMzL0NhdGVnb3J5Lzcz,gid://hs3/Category/73,73,Receiving tds,offense,Football
LeQuint Allen Jr.,Z2lkOi8vaHMzL0NhdGVnb3J5Lzg0,gid://hs3/Category/84,84,Anytime td scorer,offense,Football
LeQuint Allen Jr.,Z2lkOi8vaHMzL0NhdGVnb3J5Lzg2,gid://hs3/Category/86,86,Longest rush,offense,Football
LeQuint Allen Jr.,Z2lkOi8vaHMzL0NhdGVnb3J5Lzg3,gid://hs3/Category/87,87,Longest reception,offense,Football
LeQuint Allen Jr.,Z2lkOi8vaHMzL0NhdGVnb3J5Lzgw,gid://hs3/Category/80,80,Receiving rushing yards,offense,Football
LeQuint Allen Jr.,Z2lkOi8vaHMzL0NhdGVnb3J5Lzgy,gid://hs3/Category/82,82,First td scorer,offense,Football
LeQuint Allen Jr.,Z2lkOi8vaHMzL0NhdGVnb3J5Lzgz,gid://hs3/Category/83,83,Last td scorer,offense,Football
LeQuint Allen Jr.,Z2lkOi8vaHMzL0NhdGVnb3J5Lzk2,gid://hs3/Category/96,96,Fumbles,offense,Football
LeQuint Allen Jr.,Z2lkOi8vaHMzL0NhdGVnb3J5Lzk3,gid://hs3/Category/97,97,Lost fumbles,offense,Football
Tyson Campbell,Z2lkOi8vaHMzL0NhdGVnb3J5Lzg0,gid://hs3/Category/84,84,Anytime td scorer,offense,Football
Tyson Campbell,Z2lkOi8vaHMzL0NhdGVnb3J5Lzk0,gid://hs3/Category/94,94,Defensive interceptions,defense,Football
Tyson Campbell,Z2lkOi8vaHMzL0NhdGVnb3J5Lzkz,gid://hs3/Category/93,93,Sacks,defense,Football
Jourdan Lewis,Z2lkOi8vaHMzL0NhdGVnb3J5Lzg0,gid://hs3/Category/84,84,Anytime td scorer,offense,Football
Jourdan Lewis,Z2lkOi8vaHMzL0NhdGVnb3J5Lzk0,gid://hs3/Category/94,94,Defensive interceptions,defense,Football
Jourdan Lewis,Z2lkOi8vaHMzL0NhdGVnb3J5Lzkz,gid://hs3/Category/93,93,Sacks,defense,Football
Andrew Wingard,Z2lkOi8vaHMzL0NhdGVnb3J5Lzg0,gid://hs3/Category/84,84,Anytime td scorer,offense,Football
Andrew Wingard,Z2lkOi8vaHMzL0NhdGVnb3J5Lzk0,gid://hs3/Category/94,94,Defensive interceptions,defense,Football
Andrew Wingard,Z2lkOi8vaHMzL0NhdGVnb3J5Lzkz,gid://hs3/Category/93,93,Sacks,defense,Football
Hunter Long,Z2lkOi8vaHMzL0NhdGVnb3J5Lzc0,gid://hs3/Category/74,74,Rushing yards,offense,Football
Hunter Long,Z2lkOi8vaHMzL0NhdGVnb3J5Lzc1,gid://hs3/Category/75,75,Rushing tds,offense,Football
Hunter Long,Z2lkOi8vaHMzL0NhdGVnb3J5Lzc4,gid://hs3/Category/78,78,Rushing attempts,offense,Football
Hunter Long,Z2lkOi8vaHMzL0NhdGVnb3J5Lzc5,gid://hs3/Category/79,79,Receptions,offense,Football
Hunter Long,Z2lkOi8vaHMzL0NhdGVnb3J5Lzcy,gid://hs3/Category/72,72,Receiving yards,offense,Football
Hunter Long,Z2lkOi8vaHMzL0NhdGVnb3J5Lzcz,gid://hs3/Category/73,73,Receiving tds,offense,Football
Hunter Long,Z2lkOi8vaHMzL0NhdGVnb3J5Lzg0,gid://hs3/Category/84,84,Anytime td scorer,offense,Football
Hunter Long,Z2lkOi8vaHMzL0NhdGVnb3J5Lzg3,gid://hs3/Category/87,87,Longest reception,offense,Football
Hunter Long,Z2lkOi8vaHMzL0NhdGVnb3J5Lzgy,gid://hs3/Category/82,82,First td scorer,offense,Football
Hunter Long,Z2lkOi8vaHMzL0NhdGVnb3J5Lzgz,gid://hs3/Category/83,83,Last td scorer,offense,Football
Hunter Long,Z2lkOi8vaHMzL0NhdGVnb3J5Lzk2,gid://hs3/Category/96,96,Fumbles,offense,Football
Hunter Long,Z2lkOi8vaHMzL0NhdGVnb3J5Lzk3,gid://hs3/Category/97,97,Lost fumbles,offense,Football
Emmanuel Ogbah,Z2lkOi8vaHMzL0NhdGVnb3J5Lzg0,gid://hs3/Category/84,84,Anytime td scorer,offense,Football
Emmanuel Ogbah,Z2lkOi8vaHMzL0NhdGVnb3J5Lzkz,gid://hs3/Category/93,93,Sacks,defense,Football
Johnny Mundt,Z2lkOi8vaHMzL0NhdGVnb3J5Lzc0,gid://hs3/Category/74,74,Rushing yards,offense,Football
Johnny Mundt,Z2lkOi8vaHMzL0NhdGVnb3J5Lzc1,gid://hs3/Category/75,75,Rushing tds,offense,Football
Johnny Mundt,Z2lkOi8vaHMzL0NhdGVnb3J5Lzc4,gid://hs3/Category/78,78,Rushing attempts,offense,Football
Johnny Mundt,Z2lkOi8vaHMzL0NhdGVnb3J5Lzc5,gid://hs3/Category/79,79,Receptions,offense,Football
Johnny Mundt,Z2lkOi8vaHMzL0NhdGVnb3J5Lzcy,gid://hs3/Category/72,72,Receiving yards,offense,Football
Johnny Mundt,Z2lkOi8vaHMzL0NhdGVnb3J5Lzcz,gid://hs3/Category/73,73,Receiving tds,offense,Football
Johnny Mundt,Z2lkOi8vaHMzL0NhdGVnb3J5Lzg0,gid://hs3/Category/84,84,Anytime td scorer,offense,Football
Johnny Mundt,Z2lkOi8vaHMzL0NhdGVnb3J5Lzg3,gid://hs3/Category/87,87,Longest reception,offense,Football
Johnny Mundt,Z2lkOi8vaHMzL0NhdGVnb3J5Lzgy,gid://hs3/Category/82,82,First td scorer,offense,Football
Johnny Mundt,Z2lkOi8vaHMzL0NhdGVnb3J5Lzgz,gid://hs3/Category/83,83,Last td scorer,offense,Football
Johnny Mundt,Z2lkOi8vaHMzL0NhdGVnb3J5Lzk2,gid://hs3/Category/96,96,Fumbles,offense,Football
Johnny Mundt,Z2lkOi8vaHMzL0NhdGVnb3J5Lzk3,gid://hs3/Category/97,97,Lost fumbles,offense,Football
Foyesade Oluokun,Z2lkOi8vaHMzL0NhdGVnb3J5Lzg0,gid://hs3/Category/84,84,Anytime td scorer,offense,Football
Foyesade Oluokun,Z2lkOi8vaHMzL0NhdGVnb3J5Lzk0,gid://hs3/Category/94,94,Defensive interceptions,defense,Football
Foyesade Oluokun,Z2lkOi8vaHMzL0NhdGVnb3J5Lzkz,gid://hs3/Category/93,93,Sacks,defense,Football
Arik Armstead,Z2lkOi8vaHMzL0NhdGVnb3J5Lzg0,gid://hs3/Category/84,84,Anytime td scorer,offense,Football
Arik Armstead,Z2lkOi8vaHMzL0NhdGVnb3J5Lzkz,gid://hs3/Category/93,93,Sacks,defense,Football
Dawuane Smoot,Z2lkOi8vaHMzL0NhdGVnb3J5Lzg0,gid://hs3/Category/84,84,Anytime td scorer,offense,Football
Dawuane Smoot,Z2lkOi8vaHMzL0NhdGVnb3J5Lzkz,gid://hs3/Category/93,93,Sacks,defense,Football
